{
    "width": 5472,
    "height": 3648,
    "fx": 21583.651701301984,
    "fy": 21550.95467076953,
    "cx": 2736.0,
    "cy": 1824.0,
    "camera_matrix": [
        [
            21583.651701301984,
            0.0,
            2736.0
        ],
        [
            0.0,
            21550.95467076953,
            1824.0
        ],
        [
            0.0,
            0.0,
            1.0
        ]
    ],
    "distortion": [
        0.6229114525991607,
        -60.563484522862055,
        0.008978431378996832,
        0.005122638726635767,
        -0.9386357718856666
    ]
}